BBOX(geom, -74.048718,40.679778,-73.948718,40.779778) AND dtg DURING 2009-12-31T23:56:05+00:00/2010-01-01T00:56:04+00:00,result count: 21705,9100
BBOX(geom, -74.007756,40.723537,-73.907756,40.823537) AND dtg DURING 2010-01-01T15:10:00+00:00/2010-01-01T16:09:59+00:00,result count: 14582,7006
BBOX(geom, -74.032002,40.72898,-73.932002,40.82898) AND dtg DURING 2010-01-02T10:52:28+00:00/2010-01-02T11:52:27+00:00,result count: 14431,6741
BBOX(geom, -74.048291,40.667609,-73.948291,40.767609) AND dtg DURING 2010-01-02T20:54:00+00:00/2010-01-02T21:53:59+00:00,result count: 18282,5334
BBOX(geom, -74.027821,40.723811,-73.927821,40.823811) AND dtg DURING 2010-01-03T12:37:37+00:00/2010-01-03T13:37:36+00:00,result count: 19150,6582
BBOX(geom, -73.999516,40.722717,-73.899516,40.822717) AND dtg DURING 2010-01-04T05:44:00+00:00/2010-01-04T06:43:59+00:00,result count: 6474,6287
BBOX(geom, -73.996136,40.723571,-73.896136,40.823571) AND dtg DURING 2010-01-04T17:33:00+00:00/2010-01-04T18:32:59+00:00,result count: 21253,6370
BBOX(geom, -74.010556,40.714774,-73.910556,40.814774) AND dtg DURING 2010-01-05T09:31:00+00:00/2010-01-05T10:30:59+00:00,result count: 21443,7241
BBOX(geom, -74.028722,40.739261,-73.928722,40.839261) AND dtg DURING 2010-01-05T19:36:23+00:00/2010-01-05T20:36:22+00:00,result count: 19900,5357
BBOX(geom, -74.025807,40.710014,-73.925807,40.810014) AND dtg DURING 2010-01-06T11:20:00+00:00/2010-01-06T12:19:59+00:00,result count: 20263,7100
BBOX(geom, -74.025319,40.704559,-73.925319,40.804559) AND dtg DURING 2010-01-06T20:38:33+00:00/2010-01-06T21:38:32+00:00,result count: 25217,7042
BBOX(geom, -74.037747,40.729442,-73.937747,40.829442) AND dtg DURING 2010-01-07T11:51:36+00:00/2010-01-07T12:51:35+00:00,result count: 19682,6826
BBOX(geom, -74.003613,40.650233,-73.903613,40.750233) AND dtg DURING 2010-01-07T20:51:09+00:00/2010-01-07T21:51:08+00:00,result count: 9427,2668
BBOX(geom, -74.050397,40.673972,-73.950397,40.773972) AND dtg DURING 2010-01-08T11:10:49+00:00/2010-01-08T12:10:48+00:00,result count: 15838,5611
BBOX(geom, -74.04218,40.694076,-73.94218,40.794076) AND dtg DURING 2010-01-08T20:02:20+00:00/2010-01-08T21:02:19+00:00,result count: 30982,6898
BBOX(geom, -73.996976,40.730151,-73.896976,40.830151) AND dtg DURING 2010-01-09T09:09:16+00:00/2010-01-09T10:09:15+00:00,result count: 12601,6340
BBOX(geom, -74.058408,40.685207,-73.958408,40.785207) AND dtg DURING 2010-01-09T18:49:16+00:00/2010-01-09T19:49:15+00:00,result count: 27629,6507
BBOX(geom, -74.057339,40.690082,-73.957339,40.790082) AND dtg DURING 2010-01-10T02:38:00+00:00/2010-01-10T03:37:59+00:00,result count: 17565,6439
BBOX(geom, -74.031133,40.687839,-73.931133,40.787839) AND dtg DURING 2010-01-10T17:33:37+00:00/2010-01-10T18:33:36+00:00,result count: 21880,6652
BBOX(geom, -74.04865,40.676074,-73.94865,40.776074) AND dtg DURING 2010-01-11T10:16:32+00:00/2010-01-11T11:16:31+00:00,result count: 15678,5670
BBOX(geom, -73.914983,40.721355,-73.814983,40.821355) AND dtg DURING 2010-01-11T20:04:00+00:00/2010-01-11T21:03:59+00:00,result count: 529,167
BBOX(geom, -74.028584,40.712566,-73.928584,40.812566) AND dtg DURING 2010-01-12T11:40:58+00:00/2010-01-12T12:40:57+00:00,result count: 22088,7328
BBOX(geom, -74.046872,40.67525,-73.946872,40.77525) AND dtg DURING 2010-01-12T20:32:59+00:00/2010-01-12T21:32:58+00:00,result count: 25027,6050
BBOX(geom, -74.026707,40.701129,-73.926707,40.801129) AND dtg DURING 2010-01-13T11:07:26+00:00/2010-01-13T12:07:25+00:00,result count: 22286,6460
BBOX(geom, -74.061147,40.665752,-73.961147,40.765752) AND dtg DURING 2010-01-13T20:05:25+00:00/2010-01-13T21:05:24+00:00,result count: 22057,4709
BBOX(geom, -74.031766,40.715713,-73.931766,40.815713) AND dtg DURING 2010-01-14T10:34:08+00:00/2010-01-14T11:34:07+00:00,result count: 19653,6736
BBOX(geom, -74.027089,40.737785,-73.927089,40.837785) AND dtg DURING 2010-01-14T19:50:11+00:00/2010-01-14T20:50:10+00:00,result count: 23153,5491
BBOX(geom, -74.024861,40.694514,-73.924861,40.794514) AND dtg DURING 2010-01-15T09:14:00+00:00/2010-01-15T10:13:59+00:00,result count: 23985,6532
BBOX(geom, -74.026112,40.726123,-73.926112,40.826123) AND dtg DURING 2010-01-15T19:11:00+00:00/2010-01-15T20:10:59+00:00,result count: 28282,6675
BBOX(geom, -74.009564,40.712856,-73.909564,40.812856) AND dtg DURING 2010-01-16T07:11:43+00:00/2010-01-16T08:11:42+00:00,result count: 5546,7137
BBOX(geom, -74.046758,40.687621,-73.946758,40.787621) AND dtg DURING 2010-01-16T18:54:29+00:00/2010-01-16T19:54:28+00:00,result count: 28510,6701
BBOX(geom, -74.063626,40.658065,-73.963626,40.758065) AND dtg DURING 2010-01-17T03:53:35+00:00/2010-01-17T04:53:34+00:00,result count: 9518,5228
BBOX(geom, -74.038503,40.681342,-73.938503,40.781342) AND dtg DURING 2010-01-17T18:01:00+00:00/2010-01-17T19:00:59+00:00,result count: 22296,6594
BBOX(geom, -74.031491,40.682697,-73.931491,40.782697) AND dtg DURING 2010-01-18T11:33:42+00:00/2010-01-18T12:33:41+00:00,result count: 16739,6677
BBOX(geom, -74.042516,40.691261,-73.942516,40.791261) AND dtg DURING 2010-01-19T00:13:09+00:00/2010-01-19T01:13:08+00:00,result count: 6268,6830
BBOX(geom, -74.040784,40.695903,-73.940784,40.795903) AND dtg DURING 2010-01-19T16:04:48+00:00/2010-01-19T17:04:47+00:00,result count: 18976,6549
BBOX(geom, -74.053937,40.675941,-73.953937,40.775941) AND dtg DURING 2010-01-20T07:13:00+00:00/2010-01-20T08:12:59+00:00,result count: 18019,5863
BBOX(geom, -74.041379,40.696372,-73.941379,40.796372) AND dtg DURING 2010-01-20T17:10:14+00:00/2010-01-20T18:10:13+00:00,result count: 25186,6579
BBOX(geom, -74.029355,40.696136,-73.929355,40.796136) AND dtg DURING 2010-01-21T07:03:54+00:00/2010-01-21T08:03:53+00:00,result count: 21729,6429
BBOX(geom, -73.833615,40.598708,-73.733615,40.698708) AND dtg DURING 2010-01-21T16:52:36+00:00/2010-01-21T17:52:35+00:00,result count: 329,97
BBOX(geom, -74.035466,40.697589,-73.935466,40.797589) AND dtg DURING 2010-01-22T02:03:39+00:00/2010-01-22T03:03:38+00:00,result count: 7312,6558
BBOX(geom, -74.011105,40.725089,-73.911105,40.825089) AND dtg DURING 2010-01-22T15:02:40+00:00/2010-01-22T16:02:39+00:00,result count: 21731,6843
BBOX(geom, -74.031728,40.696796,-73.931728,40.796796) AND dtg DURING 2010-01-22T22:52:27+00:00/2010-01-22T23:52:26+00:00,result count: 31115,6700
BBOX(geom, -74.011014,40.730735,-73.911014,40.830735) AND dtg DURING 2010-01-23T12:37:44+00:00/2010-01-23T13:37:43+00:00,result count: 21369,6812
BBOX(geom, -74.032719,40.725196,-73.932719,40.825196) AND dtg DURING 2010-01-23T21:16:00+00:00/2010-01-23T22:15:59+00:00,result count: 23968,7287
BBOX(geom, -74.057553,40.682121,-73.957553,40.782121) AND dtg DURING 2010-01-24T10:11:00+00:00/2010-01-24T11:10:59+00:00,result count: 13414,6662
BBOX(geom, -74.04221,40.703716,-73.94221,40.803716) AND dtg DURING 2010-01-24T21:06:26+00:00/2010-01-24T22:06:25+00:00,result count: 12391,7117
BBOX(geom, -74.065831,40.661582,-73.965831,40.761582) AND dtg DURING 2010-01-25T13:34:47+00:00/2010-01-25T14:34:46+00:00,result count: 10900,4815
BBOX(geom, -74.033917,40.67554,-73.933917,40.77554) AND dtg DURING 2010-01-26T06:00:00+00:00/2010-01-26T06:59:59+00:00,result count: 8040,6045
BBOX(geom, -74.034749,40.724078,-73.934749,40.824078) AND dtg DURING 2010-01-26T16:30:50+00:00/2010-01-26T17:30:49+00:00,result count: 19863,6949
BBOX(geom, -74.011388,40.73019,-73.911388,40.83019) AND dtg DURING 2010-01-27T06:49:07+00:00/2010-01-27T07:49:06+00:00,result count: 17461,6683
BBOX(geom, -74.020764,40.71178,-73.920764,40.81178) AND dtg DURING 2010-01-27T16:44:00+00:00/2010-01-27T17:43:59+00:00,result count: 22712,7058
BBOX(geom, -74.030568,40.725162,-73.930568,40.825162) AND dtg DURING 2010-01-28T06:14:00+00:00/2010-01-28T07:13:59+00:00,result count: 11604,6448
BBOX(geom, -74.044347,40.690864,-73.944347,40.790864) AND dtg DURING 2010-01-28T16:13:00+00:00/2010-01-28T17:12:59+00:00,result count: 19986,6718
BBOX(geom, -74.038945,40.688811,-73.938945,40.788811) AND dtg DURING 2010-01-28T23:36:00+00:00/2010-01-29T00:35:59+00:00,result count: 20487,6797
BBOX(geom, -74.035077,40.708755,-73.935077,40.808755) AND dtg DURING 2010-01-29T13:01:00+00:00/2010-01-29T14:00:59+00:00,result count: 24575,7292
BBOX(geom, -74.058469,40.684852,-73.958469,40.784852) AND dtg DURING 2010-01-29T20:45:13+00:00/2010-01-29T21:45:12+00:00,result count: 29598,6602
BBOX(geom, -74.008786,40.728149,-73.908786,40.828149) AND dtg DURING 2010-01-30T09:19:00+00:00/2010-01-30T10:18:59+00:00,result count: 16407,6872
BBOX(geom, -74.013242,40.701915,-73.913242,40.801915) AND dtg DURING 2010-01-30T18:10:00+00:00/2010-01-30T19:09:59+00:00,result count: 32041,7053
BBOX(geom, -74.042584,40.6645,-73.942584,40.7645) AND dtg DURING 2010-01-31T01:16:00+00:00/2010-01-31T02:15:59+00:00,result count: 23540,4960
BBOX(geom, -73.93735,40.678944,-73.83735,40.778944) AND dtg DURING 2010-01-25T04:19:11+00:00/2010-01-25T05:19:10+00:00,result count: 107,179
BBOX(geom, -73.970992,40.761964,-73.870992,40.861964) AND dtg DURING 2010-01-07T04:47:59+00:00/2010-01-07T05:47:58+00:00,result count: 577,2742
BBOX(geom, -73.953631,40.764618,-73.853631,40.864618) AND dtg DURING 2010-01-21T18:28:47+00:00/2010-01-21T19:28:46+00:00,result count: 2225,968
BBOX(geom, -73.925743,40.688718,-73.825743,40.788718) AND dtg DURING 2010-01-22T01:55:11+00:00/2010-01-22T02:55:10+00:00,result count: 122,946
BBOX(geom, -73.891439,40.787714,-73.791439,40.887714) AND dtg DURING 2010-01-07T19:40:47+00:00/2010-01-07T20:40:46+00:00,result count: 15,18
BBOX(geom, -73.923075,40.741859,-73.823075,40.841859) AND dtg DURING 2010-01-19T21:50:23+00:00/2010-01-19T22:50:22+00:00,result count: 489,938
BBOX(geom, -73.872884,40.787303,-73.772884,40.887303) AND dtg DURING 2010-01-31T16:33:35+00:00/2010-01-31T17:33:34+00:00,result count: 6,21
BBOX(geom, -73.977932,40.691619,-73.877932,40.791619) AND dtg DURING 2010-01-04T02:23:59+00:00/2010-01-04T03:23:58+00:00,result count: 532,7203
BBOX(geom, -73.992859,40.742942,-73.892859,40.842942) AND dtg DURING 2010-01-28T21:35:59+00:00/2010-01-28T22:35:58+00:00,result count: 18653,5116
BBOX(geom, -73.911075,40.753042,-73.811075,40.853042) AND dtg DURING 2010-01-12T18:43:11+00:00/2010-01-12T19:43:10+00:00,result count: 637,151
BBOX(geom, -73.855807,40.668229,-73.755807,40.768229) AND dtg DURING 2010-01-09T08:52:47+00:00/2010-01-09T09:52:46+00:00,result count: 31,38
BBOX(geom, -73.933188,40.678654,-73.833188,40.778654) AND dtg DURING 2010-01-12T11:16:47+00:00/2010-01-12T12:16:46+00:00,result count: 635,253
BBOX(geom, -73.95166,40.744294,-73.85166,40.844294) AND dtg DURING 2010-01-16T04:33:35+00:00/2010-01-16T05:33:34+00:00,result count: 388,1031
BBOX(geom, -73.963886,40.765632,-73.863886,40.865632) AND dtg DURING 2010-01-04T09:50:23+00:00/2010-01-04T10:50:22+00:00,result count: 3721,2673
BBOX(geom, -73.915077,40.742316,-73.815077,40.842316) AND dtg DURING 2010-01-20T05:16:47+00:00/2010-01-20T06:16:46+00:00,result count: 50,171
BBOX(geom, -73.880051,40.77747,-73.780051,40.87747) AND dtg DURING 2010-01-21T11:02:23+00:00/2010-01-21T12:02:22+00:00,result count: 7,131
BBOX(geom, -73.933456,40.684436,-73.833456,40.784436) AND dtg DURING 2010-01-01T07:26:23+00:00/2010-01-01T08:26:22+00:00,result count: 274,981
BBOX(geom, -73.928393,40.714365,-73.828393,40.814365) AND dtg DURING 2010-01-10T14:38:23+00:00/2010-01-10T15:38:22+00:00,result count: 642,1020
BBOX(geom, -73.855967,40.782993,-73.755967,40.882993) AND dtg DURING 2010-01-06T06:28:47+00:00/2010-01-06T07:28:46+00:00,result count: 1,12
BBOX(geom, -73.921331,40.70436,-73.821331,40.80436) AND dtg DURING 2010-01-27T15:50:23+00:00/2010-01-27T16:50:22+00:00,result count: 667,983
BBOX(geom, -73.979774,40.681118,-73.879774,40.781118) AND dtg DURING 2010-01-08T10:33:35+00:00/2010-01-08T11:33:34+00:00,result count: 7756,2883
BBOX(geom, -73.863236,40.681103,-73.763236,40.781103) AND dtg DURING 2010-01-14T07:55:11+00:00/2010-01-14T08:55:10+00:00,result count: 136,107
BBOX(geom, -73.876029,40.654145,-73.776029,40.754145) AND dtg DURING 2010-01-19T21:50:23+00:00/2010-01-19T22:50:22+00:00,result count: 70,45
BBOX(geom, -73.915814,40.746144,-73.815814,40.846144) AND dtg DURING 2010-01-18T23:31:11+00:00/2010-01-19T00:31:10+00:00,result count: 444,178
BBOX(geom, -73.879583,40.729779,-73.779583,40.829779) AND dtg DURING 2010-01-27T08:23:59+00:00/2010-01-27T09:23:58+00:00,result count: 331,165
BBOX(geom, -73.926628,40.697616,-73.826628,40.797616) AND dtg DURING 2010-01-17T10:19:11+00:00/2010-01-17T11:19:10+00:00,result count: 437,956
BBOX(geom, -73.944538,40.722517,-73.844538,40.822517) AND dtg DURING 2010-01-05T23:02:23+00:00/2010-01-06T00:02:22+00:00,result count: 629,991
BBOX(geom, -73.978257,40.750318,-73.878257,40.850318) AND dtg DURING 2010-01-18T01:11:59+00:00/2010-01-18T02:11:58+00:00,result count: 1714,5045
BBOX(geom, -73.872331,40.722037,-73.772331,40.822037) AND dtg DURING 2010-01-21T03:35:59+00:00/2010-01-21T04:35:58+00:00,result count: 13,163
BBOX(geom, -73.982297,40.785203,-73.882297,40.885203) AND dtg DURING 2010-01-09T01:26:23+00:00/2010-01-09T02:26:22+00:00,result count: 703,486
BBOX(geom, -73.863964,40.78314,-73.763964,40.88314) AND dtg DURING 2010-01-22T09:21:35+00:00/2010-01-22T10:21:34+00:00,result count: 23,15
BBOX(geom, -73.911662,40.689945,-73.811662,40.789945) AND dtg DURING 2010-01-01T22:19:11+00:00/2010-01-01T23:19:10+00:00,result count: 518,201
BBOX(geom, -73.948101,40.698645,-73.848101,40.798645) AND dtg DURING 2010-01-09T16:19:11+00:00/2010-01-09T17:19:10+00:00,result count: 943,943
BBOX(geom, -73.921897,40.751981,-73.821897,40.851981) AND dtg DURING 2010-01-27T15:50:23+00:00/2010-01-27T16:50:22+00:00,result count: 622,960
BBOX(geom, -73.958498,40.694177,-73.858498,40.794177) AND dtg DURING 2010-01-02T13:11:59+00:00/2010-01-02T14:11:58+00:00,result count: 2748,1080
BBOX(geom, -73.922377,40.667895,-73.822377,40.767895) AND dtg DURING 2010-01-02T05:45:35+00:00/2010-01-02T06:45:34+00:00,result count: 89,110
BBOX(geom, -73.879668,40.688504,-73.779668,40.788504) AND dtg DURING 2010-01-15T13:40:47+00:00/2010-01-15T14:40:46+00:00,result count: 653,172
BBOX(geom, -73.879599,40.736982,-73.779599,40.836982) AND dtg DURING 2010-01-08T03:07:11+00:00/2010-01-08T04:07:10+00:00,result count: 20,174
BBOX(geom, -73.858955,40.796644,-73.758955,40.896644) AND dtg DURING 2010-01-23T00:14:23+00:00/2010-01-23T01:14:22+00:00,result count: 6,11
BBOX(geom, -73.930339,40.67337,-73.830339,40.77337) AND dtg DURING 2010-01-02T20:38:23+00:00/2010-01-02T21:38:22+00:00,result count: 315,185
BBOX(geom, -73.896545,40.762405,-73.796545,40.862405) AND dtg DURING 2010-01-25T19:11:59+00:00/2010-01-25T20:11:58+00:00,result count: 730,160
BBOX(geom, -73.89056,40.733717,-73.79056,40.833717) AND dtg DURING 2010-01-18T01:11:59+00:00/2010-01-18T02:11:58+00:00,result count: 46,191
BBOX(geom, -73.985932,40.713788,-73.885932,40.813788) AND dtg DURING 2010-01-26T02:38:23+00:00/2010-01-26T03:38:22+00:00,result count: 1099,6268
BBOX(geom, -73.913915,40.657389,-73.813915,40.757389) AND dtg DURING 2010-01-11T05:31:11+00:00/2010-01-11T06:31:10+00:00,result count: 66,44
BBOX(geom, -73.951043,40.793715,-73.851043,40.893715) AND dtg DURING 2010-01-15T06:14:23+00:00/2010-01-15T07:14:22+00:00,result count: 145,85
BBOX(geom, -73.946411,40.787225,-73.846411,40.887225) AND dtg DURING 2010-01-09T23:45:35+00:00/2010-01-10T00:45:34+00:00,result count: 171,167
BBOX(geom, -73.871644,40.792428,-73.771644,40.892428) AND dtg DURING 2010-01-23T22:33:35+00:00/2010-01-23T23:33:34+00:00,result count: 6,8
BBOX(geom, -73.876221,40.763952,-73.776221,40.863952) AND dtg DURING 2010-01-21T11:02:23+00:00/2010-01-21T12:02:22+00:00,result count: 327,129
BBOX(geom, -73.885511,40.712941,-73.785511,40.812941) AND dtg DURING 2010-01-01T07:26:23+00:00/2010-01-01T08:26:22+00:00,result count: 81,146
BBOX(geom, -73.976673,40.751087,-73.876673,40.851087) AND dtg DURING 2010-01-21T18:28:47+00:00/2010-01-21T19:28:46+00:00,result count: 11987,5005
BBOX(geom, -73.949396,40.79959,-73.849396,40.89959) AND dtg DURING 2010-01-14T15:21:35+00:00/2010-01-14T16:21:34+00:00,result count: 87,55
BBOX(geom, -73.88985,40.678007,-73.78985,40.778007) AND dtg DURING 2010-01-07T04:47:59+00:00/2010-01-07T05:47:58+00:00,result count: 53,177
BBOX(geom, -73.988182,40.730617,-73.888182,40.830617) AND dtg DURING 2010-01-18T01:11:59+00:00/2010-01-18T02:11:58+00:00,result count: 3557,6227
BBOX(geom, -73.868396,40.792713,-73.768396,40.892713) AND dtg DURING 2010-01-05T00:43:11+00:00/2010-01-05T01:43:10+00:00,result count: 3,27
BBOX(geom, -73.853742,40.669219,-73.753742,40.769219) AND dtg DURING 2010-01-13T02:09:35+00:00/2010-01-13T03:09:34+00:00,result count: 20,28
BBOX(geom, -73.903713,40.776423,-73.803713,40.876423) AND dtg DURING 2010-01-03T18:57:35+00:00/2010-01-03T19:57:34+00:00,result count: 12,113
BBOX(geom, -73.908138,40.771603,-73.808138,40.871603) AND dtg DURING 2010-01-05T08:09:35+00:00/2010-01-05T09:09:34+00:00,result count: 224,137
BBOX(geom, -73.951087,40.698823,-73.851087,40.798823) AND dtg DURING 2010-01-29T12:28:47+00:00/2010-01-29T13:28:46+00:00,result count: 1325,986
BBOX(geom, -73.900392,40.729904,-73.800392,40.829904) AND dtg DURING 2010-01-12T03:50:23+00:00/2010-01-12T04:50:22+00:00,result count: 22,180
BBOX(geom, -73.859535,40.752197,-73.759535,40.852197) AND dtg DURING 2010-01-18T08:38:23+00:00/2010-01-18T09:38:22+00:00,result count: 10,86
